Identifier,ARN,Resource type,Region,AWS Account,Application,CfnResourceType,LastReportedAt,Service,Tags,Tag:kubernetes.io/cluster/eks,Tag:kubernetes.io/service-name
aws-service-role/autoscaling.amazonaws.com/AWSServiceRoleForAutoScaling,arn:aws:iam::990793583275:role/aws-service-role/autoscaling.amazonaws.com/AWSServiceRoleForAutoScaling,iam:role,global,990793583275,-,AWS::IAM::Role,Sat Sep 12 2026 18:34:39 GMT-0300 (Brasilia Standard Time),iam,0,(not tagged),(not tagged)
default.memorydb-redis7.search,arn:aws:memorydb:us-east-1:990793583275:parametergroup/default.memorydb-redis7.search,memorydb:parametergroup,us-east-1,990793583275,-,AWS::MemoryDB::ParameterGroup,Sun Sep 13 2026 01:57:20 GMT-0300 (Brasilia Standard Time),memorydb,0,(not tagged),(not tagged)
aws-service-role/eks-nodegroup.amazonaws.com/AWSServiceRoleForAmazonEKSNodegroup,arn:aws:iam::990793583275:role/aws-service-role/eks-nodegroup.amazonaws.com/AWSServiceRoleForAmazonEKSNodegroup,iam:role,global,990793583275,-,AWS::IAM::Role,Sat Sep 12 2026 18:34:39 GMT-0300 (Brasilia Standard Time),iam,0,(not tagged),(not tagged)
S3AdminAccess,arn:aws:iam::990793583275:instance-profile/S3AdminAccess,iam:instance-profile,global,990793583275,-,AWS::IAM::InstanceProfile,Wed Sep 09 2026 20:39:39 GMT-0300 (Brasilia Standard Time),iam,0,(not tagged),(not tagged)
bethings,arn:aws:iam::990793583275:user/bethings,iam:user,global,990793583275,-,AWS::IAM::User,Tue Sep 15 2026 18:52:32 GMT-0300 (Brasilia Standard Time),iam,0,(not tagged),(not tagged)
k8s-default-internal-61a8fe8a72/640657e0b4203d56,arn:aws:elasticloadbalancing:us-east-1:990793583275:targetgroup/k8s-default-internal-61a8fe8a72/640657e0b4203d56,elasticloadbalancing:targetgroup,us-east-1,990793583275,-,AWS::ElasticLoadBalancingV2::TargetGroup,Thu Aug 27 2026 13:25:54 GMT-0300 (Brasilia Standard Time),elasticloadbalancing,2,owned,default/internal-nginx-service
default,arn:aws:elasticache:us-east-1:990793583275:user:default,elasticache:user,us-east-1,990793583275,-,AWS::ElastiCache::User,Sun Sep 13 2026 06:12:37 GMT-0300 (Brasilia Standard Time),elasticache,0,(not tagged),(not tagged)
aws-service-role/trustedadvisor.amazonaws.com/AWSServiceRoleForTrustedAdvisor,arn:aws:iam::990793583275:role/aws-service-role/trustedadvisor.amazonaws.com/AWSServiceRoleForTrustedAdvisor,iam:role,global,990793583275,-,AWS::IAM::Role,Sat Sep 12 2026 18:34:40 GMT-0300 (Brasilia Standard Time),iam,0,(not tagged),(not tagged)
default.memorydb-valkey7,arn:aws:memorydb:us-east-1:990793583275:parametergroup/default.memorydb-valkey7,memorydb:parametergroup,us-east-1,990793583275,-,AWS::MemoryDB::ParameterGroup,Sun Sep 13 2026 01:57:20 GMT-0300 (Brasilia Standard Time),memorydb,0,(not tagged),(not tagged)
AwsDataCatalog,arn:aws:athena:us-east-1:990793583275:datacatalog/AwsDataCatalog,athena:datacatalog,us-east-1,990793583275,-,AWS::Athena::DataCatalog,Fri Sep 11 2026 19:10:17 GMT-0300 (Brasilia Standard Time),athena,0,(not tagged),(not tagged)
default.memorydb-redis7,arn:aws:memorydb:us-east-1:990793583275:parametergroup/default.memorydb-redis7,memorydb:parametergroup,us-east-1,990793583275,-,AWS::MemoryDB::ParameterGroup,Sun Sep 13 2026 01:57:20 GMT-0300 (Brasilia Standard Time),memorydb,0,(not tagged),(not tagged)
k8s-default-external-e90c6c6349/134d9226ecb55999,arn:aws:elasticloadbalancing:us-east-1:990793583275:targetgroup/k8s-default-external-e90c6c6349/134d9226ecb55999,elasticloadbalancing:targetgroup,us-east-1,990793583275,-,AWS::ElasticLoadBalancingV2::TargetGroup,Thu Aug 27 2026 13:25:53 GMT-0300 (Brasilia Standard Time),elasticloadbalancing,2,owned,default/external-nginx-service
S3AdminAccess,arn:aws:iam::990793583275:role/S3AdminAccess,iam:role,global,990793583275,-,AWS::IAM::Role,Sat Sep 12 2026 18:34:40 GMT-0300 (Brasilia Standard Time),iam,0,(not tagged),(not tagged)
us-east-1/43ccc232-0e49-4818-b3a9-5e53330f6d31,arn:aws:resource-explorer-2:us-east-1:990793583275:view/us-east-1/43ccc232-0e49-4818-b3a9-5e53330f6d31,resource-explorer-2:view,us-east-1,990793583275,-,AWS::ResourceExplorer2::View,Wed Aug 26 2026 08:08:28 GMT-0300 (Brasilia Standard Time),resource-explorer-2,0,(not tagged),(not tagged)
k8s-default-external-cf7b0fedfa/91d847d8a7d0bd63,arn:aws:elasticloadbalancing:us-east-1:990793583275:targetgroup/k8s-default-external-cf7b0fedfa/91d847d8a7d0bd63,elasticloadbalancing:targetgroup,us-east-1,990793583275,-,AWS::ElasticLoadBalancingV2::TargetGroup,Thu Aug 27 2026 13:25:53 GMT-0300 (Brasilia Standard Time),elasticloadbalancing,2,owned,default/external-nginx-service
default-account-dashboard,arn:aws:s3:us-east-1:990793583275:storage-lens/default-account-dashboard,s3:storage-lens,us-east-1,990793583275,-,AWS::S3::StorageLens,Sun Sep 13 2026 10:58:14 GMT-0300 (Brasilia Standard Time),s3,0,(not tagged),(not tagged)
aws-service-role/eks.amazonaws.com/AWSServiceRoleForAmazonEKS,arn:aws:iam::990793583275:role/aws-service-role/eks.amazonaws.com/AWSServiceRoleForAmazonEKS,iam:role,global,990793583275,-,AWS::IAM::Role,Sat Sep 12 2026 18:34:38 GMT-0300 (Brasilia Standard Time),iam,0,(not tagged),(not tagged)
k8s-default-internal-4254667711/367c4c07e406f584,arn:aws:elasticloadbalancing:us-east-1:990793583275:targetgroup/k8s-default-internal-4254667711/367c4c07e406f584,elasticloadbalancing:targetgroup,us-east-1,990793583275,-,AWS::ElasticLoadBalancingV2::TargetGroup,Thu Aug 27 2026 13:25:54 GMT-0300 (Brasilia Standard Time),elasticloadbalancing,2,owned,default/internal-nginx-service
AutoScalingManagedRule,arn:aws:events:us-east-1:990793583275:rule/AutoScalingManagedRule,events:rule,us-east-1,990793583275,-,AWS::Events::Rule,Sat Sep 12 2026 18:03:01 GMT-0300 (Brasilia Standard Time),events,-,(not tagged),(not tagged)
default,arn:aws:rds:us-east-1:990793583275:secgrp:default,rds:secgrp,us-east-1,990793583275,-,AWS::RDS::DBSecurityGroup,Sun Sep 13 2026 07:13:23 GMT-0300 (Brasilia Standard Time),rds,0,(not tagged),(not tagged)
67694c3c-4146-474e-8fc3-b537ffc2cdf9,arn:aws:kms:us-east-1:990793583275:key/67694c3c-4146-474e-8fc3-b537ffc2cdf9,kms:key,us-east-1,990793583275,-,AWS::KMS::Key,Mon Sep 14 2026 19:12:38 GMT-0300 (Brasilia Standard Time),kms,0,(not tagged),(not tagged)
aws-elasticbeanstalk-ec2-role,arn:aws:iam::990793583275:role/aws-elasticbeanstalk-ec2-role,iam:role,global,990793583275,-,AWS::IAM::Role,Sat Sep 12 2026 18:34:38 GMT-0300 (Brasilia Standard Time),iam,0,(not tagged),(not tagged)
Admin-Access,arn:aws:iam::990793583275:group/Admin-Access,iam:group,global,990793583275,-,AWS::IAM::Group,Sun Sep 13 2026 16:16:38 GMT-0300 (Brasilia Standard Time),iam,0,(not tagged),(not tagged)
default,arn:aws:memorydb:us-east-1:990793583275:user/default,memorydb:user,us-east-1,990793583275,-,AWS::MemoryDB::User,Sat Sep 12 2026 11:20:31 GMT-0300 (Brasilia Standard Time),memorydb,0,(not tagged),(not tagged)
DefaultConfiguration/1/00000000000000000000000000000001,arn:aws:apprunner:us-east-1:990793583275:autoscalingconfiguration/DefaultConfiguration/1/00000000000000000000000000000001,apprunner:autoscalingconfiguration,us-east-1,990793583275,-,AWS::AppRunner::AutoScalingConfiguration,Sat Sep 12 2026 07:38:57 GMT-0300 (Brasilia Standard Time),apprunner,0,(not tagged),(not tagged)
default.memorydb-valkey7.search,arn:aws:memorydb:us-east-1:990793583275:parametergroup/default.memorydb-valkey7.search,memorydb:parametergroup,us-east-1,990793583275,-,AWS::MemoryDB::ParameterGroup,Sun Sep 13 2026 01:57:20 GMT-0300 (Brasilia Standard Time),memorydb,0,(not tagged),(not tagged)
aws-elasticbeanstalk-service-role,arn:aws:iam::990793583275:role/aws-elasticbeanstalk-service-role,iam:role,global,990793583275,-,AWS::IAM::Role,Sat Sep 12 2026 18:34:38 GMT-0300 (Brasilia Standard Time),iam,0,(not tagged),(not tagged)
8b578f10-f9ad-4c3d-ab90-ca6ca198cbb3,arn:aws:resource-explorer-2:us-east-1:990793583275:index/8b578f10-f9ad-4c3d-ab90-ca6ca198cbb3,resource-explorer-2:index,us-east-1,990793583275,-,AWS::ResourceExplorer2::Index,Wed Sep 09 2026 13:26:50 GMT-0300 (Brasilia Standard Time),resource-explorer-2,0,(not tagged),(not tagged)
aws-elasticbeanstalk-ec2-role,arn:aws:iam::990793583275:instance-profile/aws-elasticbeanstalk-ec2-role,iam:instance-profile,global,990793583275,-,AWS::IAM::InstanceProfile,Wed Sep 09 2026 20:39:39 GMT-0300 (Brasilia Standard Time),iam,0,(not tagged),(not tagged)
root-account-mfa-device,arn:aws:iam::990793583275:mfa/root-account-mfa-device,iam:mfa,global,990793583275,-,AWS::IAM::VirtualMFADevice,Sat Sep 12 2026 05:17:35 GMT-0300 (Brasilia Standard Time),iam,0,(not tagged),(not tagged)
aws-service-role/spot.amazonaws.com/AWSServiceRoleForEC2Spot,arn:aws:iam::990793583275:role/aws-service-role/spot.amazonaws.com/AWSServiceRoleForEC2Spot,iam:role,global,990793583275,-,AWS::IAM::Role,Sat Sep 12 2026 18:34:39 GMT-0300 (Brasilia Standard Time),iam,0,(not tagged),(not tagged)
aws-service-role/elasticloadbalancing.amazonaws.com/AWSServiceRoleForElasticLoadBalancing,arn:aws:iam::990793583275:role/aws-service-role/elasticloadbalancing.amazonaws.com/AWSServiceRoleForElasticLoadBalancing,iam:role,global,990793583275,-,AWS::IAM::Role,Sat Sep 12 2026 18:34:39 GMT-0300 (Brasilia Standard Time),iam,0,(not tagged),(not tagged)
Default,arn:aws:xray:us-east-1:990793583275:sampling-rule/Default,xray:sampling-rule,us-east-1,990793583275,-,AWS::XRay::SamplingRule,Mon Sep 14 2026 01:22:14 GMT-0300 (Brasilia Standard Time),xray,0,(not tagged),(not tagged)
aws-service-role/resource-explorer-2.amazonaws.com/AWSServiceRoleForResourceExplorer,arn:aws:iam::990793583275:role/aws-service-role/resource-explorer-2.amazonaws.com/AWSServiceRoleForResourceExplorer,iam:role,global,990793583275,-,AWS::IAM::Role,Sat Sep 12 2026 18:34:40 GMT-0300 (Brasilia Standard Time),iam,0,(not tagged),(not tagged)
open-access,arn:aws:memorydb:us-east-1:990793583275:acl/open-access,memorydb:acl,us-east-1,990793583275,-,AWS::MemoryDB::ACL,Sat Sep 12 2026 04:21:21 GMT-0300 (Brasilia Standard Time),memorydb,0,(not tagged),(not tagged)
default,arn:aws:events:us-east-1:990793583275:event-bus/default,events:event-bus,us-east-1,990793583275,-,AWS::Events::EventBus,Mon Sep 14 2026 21:46:09 GMT-0300 (Brasilia Standard Time),events,0,(not tagged),(not tagged)
dopt-f4a00f8e,arn:aws:ec2:us-east-1:990793583275:dhcp-options/dopt-f4a00f8e,ec2:dhcp-options,us-east-1,990793583275,-,AWS::EC2::DHCPOptions,Tue Sep 15 2026 15:08:46 GMT-0300 (Brasilia Standard Time),ec2,0,(not tagged),(not tagged)
aws-service-role/support.amazonaws.com/AWSServiceRoleForSupport,arn:aws:iam::990793583275:role/aws-service-role/support.amazonaws.com/AWSServiceRoleForSupport,iam:role,global,990793583275,-,AWS::IAM::Role,Sat Sep 12 2026 18:34:40 GMT-0300 (Brasilia Standard Time),iam,0,(not tagged),(not tagged)
a7cc72f3-3a7b-4f40-95b0-d88b416482f0,arn:aws:kms:us-east-1:990793583275:key/a7cc72f3-3a7b-4f40-95b0-d88b416482f0,kms:key,us-east-1,990793583275,-,AWS::KMS::Key,Mon Sep 14 2026 19:12:38 GMT-0300 (Brasilia Standard Time),kms,0,(not tagged),(not tagged)
primary,arn:aws:athena:us-east-1:990793583275:workgroup/primary,athena:workgroup,us-east-1,990793583275,-,AWS::Athena::WorkGroup,Sat Sep 12 2026 15:22:41 GMT-0300 (Brasilia Standard Time),athena,0,(not tagged),(not tagged)
default.memorydb-redis6,arn:aws:memorydb:us-east-1:990793583275:parametergroup/default.memorydb-redis6,memorydb:parametergroup,us-east-1,990793583275,-,AWS::MemoryDB::ParameterGroup,Sun Sep 13 2026 01:57:20 GMT-0300 (Brasilia Standard Time),memorydb,0,(not tagged),(not tagged)
default.memorydb-redis7.search.preview,arn:aws:memorydb:us-east-1:990793583275:parametergroup/default.memorydb-redis7.search.preview,memorydb:parametergroup,us-east-1,990793583275,-,AWS::MemoryDB::ParameterGroup,Sun Sep 13 2026 01:57:20 GMT-0300 (Brasilia Standard Time),memorydb,0,(not tagged),(not tagged)